"code","fullname_vi","san","loaidn","updated_at"
"AAV","CTCP AAV Group","HNX","1","2025-12-26 06:00:01"
"ADC","CTCP Mỹ thuật và Truyền thông","HNX","1","2025-12-26 06:00:01"
"ALT","CTCP Văn hóa Tân Bình","HNX","1","2025-12-26 06:00:01"
"AMC","CTCP Khoáng sản Á Châu","HNX","1","2025-12-26 06:00:01"
"AME","CTCP Alphanam E&C","HNX","1","2025-12-26 06:00:01"
"AMV","CTCP Sản xuất Kinh doanh Dược và Trang thiết bị Y tế Việt Mỹ","HNX","1","2025-12-26 06:00:01"
"API","CTCP Đầu tư Châu Á - Thái Bình Dương","HNX","1","2025-12-26 06:00:01"
"ARM","CTCP Xuất nhập khẩu Hàng không","HNX","1","2025-12-26 06:00:01"
"ATS","CTCP Tập đoàn Đầu tư ATS","HNX","1","2025-12-26 06:00:01"
"BAX","CTCP Thống Nhất","HNX","1","2025-12-26 06:00:01"
"BBS","CTCP VICEM Bao bì Bút Sơn","HNX","1","2025-12-26 06:00:01"
"BCC","CTCP Xi măng Bỉm Sơn","HNX","1","2025-12-26 06:00:01"
"BCF","CTCP Thực phẩm Bích Chi","HNX","1","2025-12-26 06:00:01"
"BED","CTCP Sách và Thiết bị Trường học Đà Nẵng","HNX","1","2025-12-26 06:00:01"
"BKC","CTCP khoáng sản Bắc Kạn","HNX","1","2025-12-26 06:00:01"
"BNA","CTCP Đầu tư Sản xuất Bảo Ngọc","HNX","1","2025-12-26 06:00:01"
"BPC","CTCP VICEM Bao bì Bỉm Sơn","HNX","1","2025-12-26 06:00:01"
"BSC","CTCP Dịch vụ Bến Thành","HNX","1","2025-12-26 06:00:01"
"BTS","CTCP Xi măng VICEM Bút Sơn","HNX","1","2025-12-26 06:00:01"
"BTW","CTCP Cấp nước Bến Thành","HNX","1","2025-12-26 06:00:01"
"BXH","CTCP VICEM Bao bì Hải Phòng","HNX","1","2025-12-26 06:00:01"
"C69","CTCP Xây dựng 1369","HNX","1","2025-12-26 06:00:01"
"CAG","CTCP Cảng An Giang","HNX","1","2025-12-26 06:00:01"
"CAN","CTCP Đồ hộp Hạ Long","HNX","1","2025-12-26 06:00:01"
"CAP","CTCP Lâm Nông sản Thực phẩm Yên Bái","HNX","1","2025-12-26 06:00:01"
"CAR","CTCP Tập đoàn Giáo dục Trí Việt","HNX","1","2025-12-26 06:00:01"
"CCR","CTCP Cảng Cam Ranh","HNX","1","2025-12-26 06:00:01"
"CDN","CTCP Cảng Đà Nẵng","HNX","1","2025-12-26 06:00:01"
"CEO","CTCP Tập đoàn C.E.O","HNX","1","2025-12-26 06:00:01"
"CET","CTCP HTC Holding","HNX","1","2025-12-26 06:00:01"
"CIA","CTCP Dịch vụ Sân bay Quốc tế Cam Ranh","HNX","1","2025-12-26 06:00:01"
"CJC","CTCP Cơ điện Miền Trung","HNX","1","2025-12-26 06:00:01"
"CKV","CTCP COKYVINA","HNX","1","2025-12-26 06:00:01"
"CLH","CTCP Xi măng La Hiên VVMI","HNX","1","2025-12-26 06:00:01"
"CLM","CTCP Xuất nhập khẩu Than - Vinacomin","HNX","1","2025-12-26 06:00:01"
"CMC","CTCP Đầu tư CMC","HNX","1","2025-12-26 06:00:01"
"CMS","CTCP Tập Đoàn CMH Việt Nam","HNX","1","2025-12-26 06:00:01"
"CPC","CTCP Thuốc sát trùng Cần Thơ","HNX","1","2025-12-26 06:00:01"
"CSC","CTCP Tập đoàn COTANA","HNX","1","2025-12-26 06:00:01"
"CST","CTCP Than Cao Sơn - TKV","HNX","1","2025-12-26 06:00:01"
"CTB","CTCP Chế tạo Bơm Hải Dương","HNX","1","2025-12-26 06:00:01"
"CTP","CTCP Hòa Bình Takara","HNX","1","2025-12-26 06:00:01"
"CTT","CTCP Chế tạo Máy - Vinacomin","HNX","1","2025-12-26 06:00:01"
"CX8","CTCP Đầu tư và Xây lắp Constrexim Số 8","HNX","1","2025-12-26 06:00:01"
"D11","CTCP Địa ốc 11","HNX","1","2025-12-26 06:00:01"
"DAD","CTCP Đầu tư và Phát triển Giáo dục Đà Nẵng","HNX","1","2025-12-26 06:00:01"
"DAE","CTCP Sách Giáo dục tại Thành phố Đà Nẵng","HNX","1","2025-12-26 06:00:01"
"DC2","CTCP Đầu tư - Phát triển - Xây dựng (DIC) Số 2","HNX","1","2025-12-26 06:00:01"
"DDG","CTCP Đầu tư Công nghiệp Xuất nhập khẩu Đông Dương","HNX","1","2025-12-26 06:00:01"
"DHP","CTCP Điện cơ Hải Phòng","HNX","1","2025-12-26 06:00:01"
"DHT","CTCP Dược phẩm Hà Tây","HNX","1","2025-12-26 06:00:01"
"DIH","CTCP Đầu tư Phát triển Xây dựng - Hội An","HNX","1","2025-12-26 06:00:01"
"DL1","CTCP Tập đoàn Alpha Seven","HNX","1","2025-12-26 06:00:01"
"DNC","CTCP Điện Nước Lắp máy Hải Phòng","HNX","1","2025-12-26 06:00:01"
"DNP","CTCP DNP Holding","HNX","1","2025-12-26 06:00:01"
"DP3","CTCP Dược phẩm Trung ương 3","HNX","1","2025-12-26 06:00:01"
"DS3","CTCP DS3","HNX","1","2025-12-26 06:00:01"
"DST","CTCP Đầu tư Sao Thăng Long","HNX","1","2025-12-26 06:00:01"
"DTD","CTCP Đầu tư Phát triển Thành Đạt","HNX","1","2025-12-26 06:00:01"
"DTG","CTCP Dược phẩm Tipharco","HNX","1","2025-12-26 06:00:01"
"DTK","Tổng Công ty Điện lực TKV - CTCP","HNX","1","2025-12-26 06:00:01"
"DVM","CTCP Dược liệu Việt Nam","HNX","1","2025-12-26 06:00:01"
"DXP","CTCP Cảng Đoạn Xá","HNX","1","2025-12-26 06:00:01"
"EBS","CTCP Sách Giáo dục tại Thành phố Hà Nội","HNX","1","2025-12-26 06:00:01"
"ECI","CTCP Tập Đoàn ECI","HNX","1","2025-12-26 06:00:01"
"EID","CTCP Đầu tư và Phát triển Giáo dục Hà Nội","HNX","1","2025-12-26 06:00:01"
"FID","CTCP Đầu tư và Phát triển Doanh nghiệp Việt Nam","HNX","1","2025-12-26 06:00:01"
"GDW","CTCP Cấp nước Gia Định","HNX","1","2025-12-26 06:00:01"
"GIC","CTCP VSC Green Logistics","HNX","1","2025-12-26 06:00:01"
"GKM","CTCP GKM Holdings","HNX","1","2025-12-26 06:00:01"
"GLT","CTCP Kỹ thuật Điện Toàn cầu","HNX","1","2025-12-26 06:00:01"
"GMA","CTCP Enteco Việt Nam","HNX","1","2025-12-26 06:00:01"
"GMX","CTCP Gạch ngói Gốm Xây dựng Mỹ Xuân","HNX","1","2025-12-26 06:00:01"
"HAD","CTCP Bia Hà Nội - Hải Dương","HNX","1","2025-12-26 06:00:01"
"HAT","CTCP Thương mại Bia Hà Nội","HNX","1","2025-12-26 06:00:01"
"HCC","CTCP Bê tông Hòa Cầm - Intimex","HNX","1","2025-12-26 06:00:01"
"HCT","CTCP Thương mại Dịch vụ Vận tải Xi măng Hải Phòng","HNX","1","2025-12-26 06:00:01"
"HDA","CTCP Hãng sơn Đông Á","HNX","1","2025-12-26 06:00:01"
"HEV","CTCP Sách Đại học Dạy nghề","HNX","1","2025-12-26 06:00:01"
"HGM","CTCP Cơ khí và Khoáng sản Hà Giang","HNX","1","2025-12-26 06:00:01"
"HHC","CTCP Bánh kẹo Hải Hà","HNX","1","2025-12-26 06:00:01"
"HJS","CTCP Thủy điện Nậm Mu","HNX","1","2025-12-26 06:00:01"
"HKT","CTCP Đầu tư QP Xanh","HNX","1","2025-12-26 06:00:01"
"HLC","CTCP Than Hà Lầm - Vinacomin","HNX","1","2025-12-26 06:00:01"
"HLD","CTCP Đầu tư và Phát triển Bất động sản HUDLAND","HNX","1","2025-12-26 06:00:01"
"HMH","CTCP Hải Minh","HNX","1","2025-12-26 06:00:01"
"HMR","CTCP Đá Hoàng Mai","HNX","1","2025-12-26 06:00:01"
"HOM","CTCP Xi măng VICEM Hoàng Mai","HNX","1","2025-12-26 06:00:01"
"HTC","CTCP Thương mại Hóc Môn","HNX","1","2025-12-26 06:00:01"
"HUT","CTCP Tasco","HNX","1","2025-12-26 06:00:01"
"HVT","CTCP Hóa chất Việt Trì","HNX","1","2025-12-26 06:00:01"
"ICG","CTCP Xây dựng Sông Hồng","HNX","1","2025-12-26 06:00:01"
"IDC","Tổng Công ty IDICO – CTCP","HNX","1","2025-12-26 06:00:01"
"IDJ","CTCP Đầu tư IDJ Việt Nam","HNX","1","2025-12-26 06:00:01"
"IDV","CTCP Phát triển Hạ tầng Vĩnh Phúc","HNX","1","2025-12-26 06:00:01"
"INC","CTCP Tư vấn Đầu tư IDICO","HNX","1","2025-12-26 06:00:01"
"INN","CTCP Bao bì và In Nông nghiệp","HNX","1","2025-12-26 06:00:01"
"IPA","CTCP Tập đoàn Đầu tư I.P.A","HNX","1","2025-12-26 06:00:01"
"ITQ","CTCP Tập đoàn Thiên Quang","HNX","1","2025-12-26 06:00:01"
"KDM","CTCP Tập đoàn GCL","HNX","1","2025-12-26 06:00:01"
"KHS","CTCP Kiên Hùng","HNX","1","2025-12-26 06:00:01"
"KKC","CTCP Tập Đoàn Thành Thái","HNX","1","2025-12-26 06:00:01"
"KMT","CTCP Kim khí Miền Trung","HNX","1","2025-12-26 06:00:01"
"KSD","CTCP Đầu tư DNA","HNX","1","2025-12-26 06:00:01"
"KSF","CTCP Tập đoàn Sunshine","HNX","1","2025-12-26 06:00:01"
"KST","CTCP KASATI","HNX","1","2025-12-26 06:00:01"
"KSV","Tổng Công ty Khoáng sản TKV - CTCP","HNX","1","2025-12-26 06:00:01"
"KTS","CTCP Đường Kon Tum","HNX","1","2025-12-26 06:00:01"
"L14","CTCP Licogi 14","HNX","1","2025-12-26 06:00:01"
"L18","CTCP Đầu tư và Xây dựng Số 18","HNX","1","2025-12-26 06:00:01"
"L40","CTCP Đầu Tư và Xây dựng 40","HNX","1","2025-12-26 06:00:01"
"LAS","CTCP Supe Phốt phát và Hóa chất Lâm Thao","HNX","1","2025-12-26 06:00:01"
"LBE","CTCP Thương mại và Dịch vụ LVA","HNX","1","2025-12-26 06:00:01"
"LCD","CTCP Lắp máy - Thí nghiệm Cơ điện","HNX","1","2025-12-26 06:00:01"
"LDP","CTCP Dược Lâm Đồng - Ladophar","HNX","1","2025-12-26 06:00:01"
"LHC","CTCP Đầu tư và Xây dựng Thủy lợi Lâm Đồng","HNX","1","2025-12-26 06:00:01"
"LIG","CTCP Licogi 13","HNX","1","2025-12-26 06:00:01"
"MAC","CTCP Cung ứng và Dịch vụ Kỹ thuật Hàng Hải","HNX","1","2025-12-26 06:00:01"
"MAS","CTCP Dịch vụ Hàng không Sân bay Đà Nẵng","HNX","1","2025-12-26 06:00:01"
"MBG","CTCP Tập đoàn MBG","HNX","1","2025-12-26 06:00:01"
"MCC","CTCP Gạch ngói Cao cấp","HNX","1","2025-12-26 06:00:01"
"MCF","CTCP Xây lắp Cơ khí và Lương thực Thực phẩm","HNX","1","2025-12-26 06:00:01"
"MCO","CTCP Đầu tư và Xây dựng BDC Việt Nam","HNX","1","2025-12-26 06:00:01"
"MDC","CTCP Than Mông Dương - Vinacomin","HNX","1","2025-12-26 06:00:01"
"MED","CTCP Dược Trung ương Mediplantex","HNX","1","2025-12-26 06:00:01"
"MEL","CTCP Thép Mê Lin","HNX","1","2025-12-26 06:00:01"
"MIC","CTCP Kỹ nghệ Khoáng sản Quảng Nam","HNX","1","2025-12-26 06:00:01"
"MKV","CTCP Dược thú Y Cai Lậy","HNX","1","2025-12-26 06:00:01"
"MST","CTCP Đầu tư MST","HNX","1","2025-12-26 06:00:01"
"MVB","Tổng Công ty Công nghiệp mỏ Việt Bắc TKV - CTCP","HNX","1","2025-12-26 06:00:01"
"NAG","CTCP Tập đoàn Nagakawa","HNX","1","2025-12-26 06:00:01"
"NAP","CTCP Cảng Nghệ Tĩnh","HNX","1","2025-12-26 06:00:01"
"NBC","CTCP Than Núi Béo - Vinacomin","HNX","1","2025-12-26 06:00:01"
"NBP","CTCP Nhiệt điện Ninh Bình","HNX","1","2025-12-26 06:00:01"
"NBW","CTCP Cấp nước Nhà Bè","HNX","1","2025-12-26 06:00:01"
"NDN","CTCP Đầu tư Phát triển Nhà Đà Nẵng","HNX","1","2025-12-26 06:00:01"
"NDX","CTCP Xây lắp Phát triển Nhà Đà Nẵng","HNX","1","2025-12-26 06:00:01"
"NET","CTCP Bột giặt NET","HNX","1","2025-12-26 06:00:01"
"NFC","CTCP Phân lân Ninh Bình","HNX","1","2025-12-26 06:00:01"
"NHC","CTCP Gạch ngói Nhị Hiệp","HNX","1","2025-12-26 06:00:01"
"NRC","CTCP Tập đoàn NRC","HNX","1","2025-12-26 06:00:01"
"NSH","CTCP Nhôm Sông Hồng","HNX","1","2025-12-26 06:00:01"
"NST","CTCP Ngân Sơn","HNX","1","2025-12-26 06:00:01"
"NTH","CTCP Thủy điện Nước Trong","HNX","1","2025-12-26 06:00:01"
"NTP","CTCP Nhựa Thiếu niên Tiền Phong","HNX","1","2025-12-26 06:00:01"
"OCH","CTCP One Capital Hospitality","HNX","1","2025-12-26 06:00:01"
"ONE","CTCP Công nghệ ONE","HNX","1","2025-12-26 06:00:01"
"PBP","CTCP Bao bì Dầu khí Việt Nam","HNX","1","2025-12-26 06:00:01"
"PCE","CTCP Phân bón và Hóa chất Dầu khí Miền Trung","HNX","1","2025-12-26 06:00:01"
"PCH","CTCP Nhựa Picomat","HNX","1","2025-12-26 06:00:01"
"PCT","CTCP Vận tải biển Global Pacific","HNX","1","2025-12-26 06:00:01"
"PDB","CTCP Tập đoàn Đầu tư Din Capital","HNX","1","2025-12-26 06:00:01"
"PEN","CTCP Xây lắp III Petrolimex","HNX","1","2025-12-26 06:00:01"
"PGN","CTCP Phụ Gia Nhựa","HNX","1","2025-12-26 06:00:01"
"PGS","CTCP Kinh doanh Khí Miền Nam","HNX","1","2025-12-26 06:00:01"
"PGT","CTCP PGT Holdings","HNX","1","2025-12-26 06:00:01"
"PHN","CTCP Pin Hà Nội","HNX","1","2025-12-26 06:00:01"
"PIA","CTCP Tin học Viễn thông Petrolimex","HNX","1","2025-12-26 06:00:01"
"PIC","CTCP Đầu tư Điện lực 3","HNX","1","2025-12-26 06:00:01"
"PJC","CTCP Thương mại và Vận tải Petrolimex Hà Nội","HNX","1","2025-12-26 06:00:01"
"PLC","Tổng Công ty Hóa dầu Petrolimex - CTCP","HNX","1","2025-12-26 06:00:01"
"PMB","CTCP Phân bón và Hóa chất Dầu khí Miền Bắc","HNX","1","2025-12-26 06:00:01"
"PMC","CTCP Dược phẩm Dược liệu Pharmedic","HNX","1","2025-12-26 06:00:01"
"PMP","CTCP Bao bì đạm Phú Mỹ","HNX","1","2025-12-26 06:00:01"
"PMS","CTCP Cơ khí Xăng dầu","HNX","1","2025-12-26 06:00:01"
"POT","CTCP Thiết bị Bưu điện","HNX","1","2025-12-26 06:00:01"
"PPE","CTCP Tư vấn Điện lực Dầu khí Việt Nam","HNX","1","2025-12-26 06:00:01"
"PPP","CTCP Dược phẩm Phong Phú","HNX","1","2025-12-26 06:00:01"
"PPS","CTCP Dịch vụ Kỹ thuật Điện lực Dầu khí Việt Nam","HNX","1","2025-12-26 06:00:01"
"PPT","CTCP Petro Times","HNX","1","2025-12-26 06:00:01"
"PPY","CTCP Xăng dầu Dầu khí Phú Yên","HNX","1","2025-12-26 06:00:01"
"PRC","CTCP Logistics Portserco","HNX","1","2025-12-26 06:00:01"
"PSC","CTCP Vận tải và Dịch vụ Petrolimex Sài Gòn","HNX","1","2025-12-26 06:00:01"
"PSD","CTCP Dịch vụ Phân phối Tổng hợp Dầu khí","HNX","1","2025-12-26 06:00:01"
"PSE","CTCP Phân Bón và Hóa Chất Dầu khí Đông Nam Bộ","HNX","1","2025-12-26 06:00:01"
"PSW","CTCP Phân bón và Hóa chất Dầu khí Tây Nam Bộ","HNX","1","2025-12-26 06:00:01"
"PTD","CTCP Thiết kế Xây dựng Thương mại Phúc Thịnh","HNX","1","2025-12-26 06:00:01"
"PTS","CTCP Vận tải và Dịch vụ Petrolimex Hải Phòng","HNX","1","2025-12-26 06:00:01"
"PTX","CTCP Vận tải và Dịch vụ Petrolimex Nghệ Tĩnh","HNX","1","2025-12-26 06:00:01"
"PV2","CTCP Đầu tư PV2","HNX","1","2025-12-26 06:00:01"
"PVB","CTCP Bọc ống Dầu khí Việt Nam","HNX","1","2025-12-26 06:00:01"
"PVC","Tổng Công ty Hóa chất và Dịch vụ Dầu khí - CTCP","HNX","1","2025-12-26 06:00:01"
"PVG","CTCP Kinh doanh LPG Việt Nam","HNX","1","2025-12-26 06:00:01"
"PVS","Tổng CTCP Dịch vụ Kỹ thuật Dầu khí Việt Nam","HNX","1","2025-12-26 06:00:01"
"QHD","CTCP Que hàn điện Việt Đức","HNX","1","2025-12-26 06:00:01"
"QST","CTCP Sách và Thiết bị Trường học Quảng Ninh","HNX","1","2025-12-26 06:00:01"
"QTC","CTCP Công trình Giao thông Vận tải Quảng Nam","HNX","1","2025-12-26 06:00:01"
"RCL","CTCP Địa ốc Chợ Lớn","HNX","1","2025-12-26 06:00:01"
"S55","CTCP Sông Đà 505","HNX","1","2025-12-26 06:00:01"
"S99","CTCP SCI","HNX","1","2025-12-26 06:00:01"
"SAF","CTCP Lương thực Thực phẩm Safoco","HNX","1","2025-12-26 06:00:01"
"SCG","CTCP Xây dựng SCG","HNX","1","2025-12-26 06:00:01"
"SCI","CTCP SCI E&C","HNX","1","2025-12-26 06:00:01"
"SD5","CTCP Sông Đà 5","HNX","1","2025-12-26 06:00:01"
"SD9","CTCP Sông Đà 9","HNX","1","2025-12-26 06:00:01"
"SDA","CTCP Simco Sông Đà","HNX","1","2025-12-26 06:00:01"
"SDC","CTCP Tư vấn Sông Đà","HNX","1","2025-12-26 06:00:01"
"SDG","CTCP Sadico Cần Thơ","HNX","1","2025-12-26 06:00:01"
"SDN","CTCP Sơn Đồng Nai","HNX","1","2025-12-26 06:00:01"
"SDU","CTCP Đầu tư Xây dựng và Phát triển Đô thị Sông Đà","HNX","1","2025-12-26 06:00:01"
"SEB","CTCP Đầu tư và Phát triển Điện Miền Trung","HNX","1","2025-12-26 06:00:01"
"SED","CTCP Đầu tư và Phát triển Giáo dục Phương Nam","HNX","1","2025-12-26 06:00:01"
"SFN","CTCP Dệt lưới Sài Gòn","HNX","1","2025-12-26 06:00:01"
"SGC","CTCP Xuất nhập khẩu Sa Giang","HNX","1","2025-12-26 06:00:01"
"SGD","CTCP Sách Giáo dục tại Thành phố Hồ Chí Minh","HNX","1","2025-12-26 06:00:01"
"SGH","CTCP Khách sạn Sài Gòn","HNX","1","2025-12-26 06:00:01"
"SHE","CTCP Phát triển năng lượng Sơn Hà","HNX","1","2025-12-26 06:00:01"
"SHN","CTCP Đầu tư Tổng hợp Hà Nội","HNX","1","2025-12-26 06:00:01"
"SJ1","CTCP Nông nghiệp Hùng Hậu","HNX","1","2025-12-26 06:00:01"
"SJE","CTCP Sông Đà 11","HNX","1","2025-12-26 06:00:01"
"SLS","CTCP Mía Đường Sơn La","HNX","1","2025-12-26 06:00:01"
"SMN","CTCP Sách và Thiết bị Giáo dục Miền Nam","HNX","1","2025-12-26 06:00:01"
"SMT","CTCP Sametel","HNX","1","2025-12-26 06:00:01"
"SPC","CTCP Bảo vệ Thực vật Sài Gòn","HNX","1","2025-12-26 06:00:01"
"SRA","CTCP Sara Việt Nam","HNX","1","2025-12-26 06:00:01"
"SSM","CTCP Chế tạo kết cấu Thép Vneco.SSM","HNX","1","2025-12-26 06:00:01"
"STC","CTCP Sách và Thiết bị Trường học Thành phố Hồ Chí Minh","HNX","1","2025-12-26 06:00:01"
"STP","CTCP Công nghiệp Thương mại Sông Đà","HNX","1","2025-12-26 06:00:01"
"SVN","CTCP Tập đoàn Vexilla Việt Nam","HNX","1","2025-12-26 06:00:01"
"SZB","CTCP Sonadezi Long Bình","HNX","1","2025-12-26 06:00:01"
"TA9","CTCP Xây lắp Thành An 96","HNX","1","2025-12-26 06:00:01"
"TD6","CTCP Than Đèo Nai - Cọc Sáu - TKV","HNX","1","2025-12-26 06:00:01"
"TDT","CTCP Đầu tư và Phát triển TDT","HNX","1","2025-12-26 06:00:01"
"TET","CTCP Vải sợi May mặc Miền Bắc","HNX","1","2025-12-26 06:00:01"
"TFC","CTCP Trang","HNX","1","2025-12-26 06:00:01"
"THB","CTCP Bia Hà Nội - Thanh Hóa","HNX","1","2025-12-26 06:00:01"
"THD","CTCP Thaiholdings","HNX","1","2025-12-26 06:00:01"
"THS","CTCP Thanh Hoa - Sông Đà","HNX","1","2025-12-26 06:00:01"
"THT","CTCP Than Hà Tu - Vinacomin","HNX","1","2025-12-26 06:00:01"
"TIG","CTCP Tập đoàn Đầu tư Thăng Long","HNX","1","2025-12-26 06:00:01"
"TJC","CTCP Dịch vụ Vận tải và Thương mại","HNX","1","2025-12-26 06:00:01"
"TKU","CTCP Công nghiệp Tung Kuang","HNX","1","2025-12-26 06:00:01"
"TMB","CTCP Kinh doanh Than Miền Bắc - Vinacomin","HNX","1","2025-12-26 06:00:01"
"TMC","CTCP Thương mại Xuất nhập khẩu Thủ Đức","HNX","1","2025-12-26 06:00:01"
"TMX","CTCP VICEM Thương mại Xi măng","HNX","1","2025-12-26 06:00:01"
"TNG","CTCP Đầu tư và Thương mại TNG","HNX","1","2025-12-26 06:00:01"
"TOT","CTCP Transimex Logistics","HNX","1","2025-12-26 06:00:01"
"TPP","CTCP Tân Phú Việt Nam","HNX","1","2025-12-26 06:00:01"
"TSB","CTCP Ắc quy Tia Sáng","HNX","1","2025-12-26 06:00:01"
"TTC","CTCP Gạch men Thanh Thanh","HNX","1","2025-12-26 06:00:01"
"TTH","CTCP Thương mại và Dịch vụ Tiến Thành","HNX","1","2025-12-26 06:00:01"
"TTL","Tổng Công ty Thăng Long - CTCP","HNX","1","2025-12-26 06:00:01"
"TTT","CTCP Du lịch - Thương mại Tây Ninh","HNX","1","2025-12-26 06:00:01"
"TV3","CTCP Tư vấn Xây dựng Điện 3","HNX","1","2025-12-26 06:00:01"
"TV4","CTCP Tư vấn Xây dựng Điện 4","HNX","1","2025-12-26 06:00:01"
"TVC","CTCP Tập đoàn Quản lý Tài sản T-Corp","HNX","1","2025-12-26 06:00:01"
"TVD","CTCP Than Vàng Danh - Vinacomin","HNX","1","2025-12-26 06:00:01"
"TXM","CTCP VICEM Thạch cao Xi măng","HNX","1","2025-12-26 06:00:01"
"UNI","CTCP Đầu Tư Và Phát Triển Sao Mai Việt","HNX","1","2025-12-26 06:00:01"
"V12","CTCP Xây dựng Số 12","HNX","1","2025-12-26 06:00:01"
"V21","CTCP Vinaconex 21","HNX","1","2025-12-26 06:00:01"
"VBC","CTCP Nhựa - Bao bì Vinh","HNX","1","2025-12-26 06:00:01"
"VC1","CTCP Xây dựng Số 1","HNX","1","2025-12-26 06:00:01"
"VC2","CTCP Đầu tư và Xây dựng Vina2","HNX","1","2025-12-26 09:55:47"
"VC3","CTCP Tập đoàn Nam Mê Kông","HNX","1","2025-12-26 06:00:01"
"VC6","CTCP Xây dựng và Đầu tư Visicons","HNX","1","2025-12-26 06:00:01"
"VC7","CTCP Tập đoàn BGI","HNX","1","2025-12-26 06:00:01"
"VC9","CTCP Xây dựng Số 9","HNX","1","2025-12-26 06:00:01"
"VCC","CTCP Vinaconex 25","HNX","1","2025-12-26 06:00:01"
"VCM","CTCP BV Life","HNX","1","2025-12-26 06:00:01"
"VCS","CTCP Vicostone","HNX","1","2025-12-26 06:00:01"
"VDL","CTCP Thực phẩm Lâm Đồng","HNX","1","2025-12-26 06:00:01"
"VE1","CTCP Xây dựng Điện VNECO 1","HNX","1","2025-12-26 06:00:01"
"VE3","CTCP Xây dựng Điện VNECO 3","HNX","1","2025-12-26 06:00:01"
"VE4","CTCP Xây dựng Điện VNECO4","HNX","1","2025-12-26 06:00:01"
"VGP","CTCP Cảng Rau Quả","HNX","1","2025-12-26 06:00:01"
"VGS","CTCP Ống thép Việt Đức VG PIPE","HNX","1","2025-12-26 06:00:01"
"VHE","CTCP Dược liệu và Thực phẩm Việt Nam","HNX","1","2025-12-26 06:00:01"
"VHL","CTCP Viglacera Hạ Long","HNX","1","2025-12-26 06:00:01"
"VIF","Tổng Công ty Lâm nghiệp Việt Nam - CTCP","HNX","1","2025-12-26 06:00:01"
"VIT","CTCP Viglacera Tiên Sơn","HNX","1","2025-12-26 06:00:01"
"VLA","CTCP Đầu tư và Phát triển Công nghệ Văn Lang","HNX","1","2025-12-26 06:00:01"
"VMC","CTCP Vimeco","HNX","1","2025-12-26 06:00:01"
"VMS","CTCP Phát triển Hàng Hải","HNX","1","2025-12-26 06:00:01"
"VNC","CTCP Tập đoàn Vinacontrol","HNX","1","2025-12-26 06:00:01"
"VNF","CTCP Vinafreight","HNX","1","2025-12-26 06:00:01"
"VNT","CTCP Giao nhận Vận tải Ngoại thương","HNX","1","2025-12-26 06:00:01"
"VSA","CTCP Đại lý Hàng hải Việt Nam","HNX","1","2025-12-26 06:00:01"
"VSM","CTCP Container Miền Trung","HNX","1","2025-12-26 06:00:01"
"VTC","CTCP Viễn thông VTC","HNX","1","2025-12-26 06:00:01"
"VTH","CTCP Dây cáp Điện Việt Thái","HNX","1","2025-12-26 06:00:01"
"VTJ","CTCP Thương mại và Đầu tư VI NA TA BA","HNX","1","2025-12-26 06:00:01"
"VTV","CTCP Năng lượng và Môi trường VICEM","HNX","1","2025-12-26 06:00:01"
"VTZ","CTCP Sản xuất và Thương mại Nhựa Việt Thành","HNX","1","2025-12-26 06:00:01"
"WCS","CTCP Bến xe Miền Tây","HNX","1","2025-12-26 06:00:01"
"X20","CTCP X20","HNX","1","2025-12-26 06:00:01"
"AAA","CTCP Nhựa An Phát Xanh","HOSE","1","2025-12-26 06:00:01"
"AAM","CTCP Thủy sản MeKong","HOSE","1","2025-12-26 06:00:01"
"AAT","CTCP Tập Đoàn Tiên Sơn Thanh Hóa","HOSE","1","2025-12-26 06:00:01"
"ABR","CTCP Đầu tư Nhãn hiệu Việt","HOSE","1","2025-12-26 06:00:01"
"ABS","CTCP Dịch vụ Nông nghiệp Bình Thuận","HOSE","1","2025-12-26 06:00:01"
"ABT","CTCP Xuất nhập khẩu Thủy sản Bến Tre","HOSE","1","2025-12-26 06:00:01"
"ACC","CTCP Đầu tư và Xây dựng Bình Dương ACC","HOSE","1","2025-12-26 06:00:01"
"ACG","CTCP Gỗ An Cường","HOSE","1","2025-12-26 06:00:01"
"ACL","CTCP Xuất nhập khẩu Thủy sản Cửu Long An Giang","HOSE","1","2025-12-26 06:00:01"
"ADG","CTCP Clever Group","HOSE","1","2025-12-26 06:00:01"
"ADP","CTCP Sơn Á Đông","HOSE","1","2025-12-26 06:00:01"
"ADS","CTCP Damsan","HOSE","1","2025-12-26 06:00:01"
"AFX","CTCP Xuất nhập khẩu Nông sản Thực phẩm An Giang","HOSE","1","2025-12-26 06:00:01"
"AGG","CTCP Đầu tư và Phát triển Bất động sản An Gia","HOSE","1","2025-12-26 06:00:01"
"ANV","CTCP Nam Việt","HOSE","1","2025-12-26 06:00:01"
"APH","CTCP Tập đoàn An Phát Holdings","HOSE","1","2025-12-26 06:00:01"
"ASG","CTCP Tập đoàn ASG","HOSE","1","2025-12-26 06:00:01"
"ASM","CTCP Tập đoàn Sao Mai","HOSE","1","2025-12-26 06:00:01"
"ASP","CTCP Tập đoàn Dầu khí An Pha","HOSE","1","2025-12-26 06:00:01"
"AST","CTCP Dịch vụ Hàng không Taseco","HOSE","1","2025-12-26 06:00:01"
"BAF","CTCP Nông nghiệp BAF Việt Nam","HOSE","1","2025-12-26 06:00:01"
"BBC","CTCP Bibica","HOSE","1","2025-12-26 06:00:01"
"BCE","CTCP Xây dựng và Giao thông Bình Dương","HOSE","1","2025-12-26 06:00:01"
"BCG","CTCP Bamboo Capital","HOSE","1","2025-12-26 06:00:01"
"BCM","Tập đoàn Đầu tư và Phát triển Công nghiệp Becamex - CTCP","HOSE","1","2025-12-26 06:00:01"
"BFC","CTCP Phân bón Bình Điền","HOSE","1","2025-12-26 06:00:01"
"BHN","Tổng CTCP Bia - Rượu - Nước giải khát Hà Nội","HOSE","1","2025-12-26 06:00:01"
"BKG","CTCP Đầu tư BKG Việt Nam","HOSE","1","2025-12-26 06:00:01"
"BMC","CTCP Khoáng sản Bình Định","HOSE","1","2025-12-26 06:00:01"
"BMP","CTCP Nhựa Bình Minh","HOSE","1","2025-12-26 06:00:01"
"BRC","CTCP Cao su Bến Thành","HOSE","1","2025-12-26 06:00:01"
"BSR","CTCP Lọc hóa Dầu Bình Sơn","HOSE","1","2025-12-26 06:00:01"
"BTP","CTCP Nhiệt điện Bà Rịa","HOSE","1","2025-12-26 06:00:01"
"BTT","CTCP Thương mại Dịch vụ Bến Thành","HOSE","1","2025-12-26 06:00:01"
"BWE","CTCP - Tổng công ty Nước - Môi trường Bình Dương","HOSE","1","2025-12-26 06:00:01"
"C32","CTCP CIC39","HOSE","1","2025-12-26 06:00:01"
"C47","CTCP Xây dựng 47","HOSE","1","2025-12-26 06:00:01"
"CCC","CTCP Xây dựng CDC","HOSE","1","2025-12-26 06:00:01"
"CCI","CTCP Đầu tư Phát triển Công nghiệp Thương mại Củ Chi","HOSE","1","2025-12-26 06:00:01"
"CCL","CTCP Đầu Tư và Phát triển Đô Thị Dầu khí Cửu Long","HOSE","1","2025-12-26 06:00:01"
"CDC","CTCP Chương Dương","HOSE","1","2025-12-26 06:00:01"
"CHP","CTCP Thủy điện Miền Trung","HOSE","1","2025-12-26 06:00:01"
"CIG","CTCP COMA 18","HOSE","1","2025-12-26 06:00:01"
"CII","CTCP Đầu tư Hạ tầng Kỹ thuật Thành phố Hồ Chí Minh","HOSE","1","2025-12-26 06:00:01"
"CKG","CTCP Tập đoàn CIC","HOSE","1","2025-12-26 06:00:01"
"CLC","CTCP Cát Lợi","HOSE","1","2025-12-26 06:00:01"
"CLL","CTCP Cảng Cát Lái","HOSE","1","2025-12-26 06:00:01"
"CLW","CTCP Cấp nước Chợ Lớn","HOSE","1","2025-12-26 06:00:01"
"CMG","CTCP Tập đoàn Công nghệ CMC","HOSE","1","2025-12-26 06:00:01"
"CMV","CTCP Thương nghiệp Cà Mau","HOSE","1","2025-12-26 06:00:01"
"CMX","CTCP Camimex Group","HOSE","1","2025-12-26 06:00:01"
"CNG","CTCP CNG Việt Nam","HOSE","1","2025-12-26 06:00:01"
"COM","CTCP Vật tư Xăng Dầu","HOSE","1","2025-12-26 06:00:01"
"CRC","CTCP Create Capital Việt Nam","HOSE","1","2025-12-26 06:00:01"
"CRE","CTCP Bất động sản Thế Kỷ","HOSE","1","2025-12-26 06:00:01"
"CRV","CTCP Tập đoàn Bất động sản CRV","HOSE","1","2025-12-26 06:00:01"
"CSM","CTCP Công nghiệp Cao su Miền Nam","HOSE","1","2025-12-26 06:00:01"
"CSV","CTCP Hóa chất Cơ bản Miền Nam","HOSE","1","2025-12-26 06:00:01"
"CTD","CTCP Xây dựng Coteccons","HOSE","1","2025-12-26 06:00:01"
"CTF","CTCP City Auto","HOSE","1","2025-12-26 06:00:01"
"CTI","CTCP Đầu tư Phát triển Cường Thuận IDICO","HOSE","1","2025-12-26 06:00:01"
"CTR","Tổng CTCP Công trình Viettel","HOSE","1","2025-12-26 06:00:01"
"CVT","CTCP CMC","HOSE","1","2025-12-26 06:00:01"
"D2D","CTCP Phát triển Đô thị Công nghiệp số 2","HOSE","1","2025-12-26 06:00:01"
"DAH","CTCP Tập đoàn Khách sạn Đông Á","HOSE","1","2025-12-26 06:00:01"
"DAT","CTCP Đầu tư du lịch và Phát triển Thủy sản","HOSE","1","2025-12-26 06:00:01"
"DBC","CTCP Tập đoàn Dabaco Việt Nam","HOSE","1","2025-12-26 06:00:01"
"DBD","CTCP Dược - Trang thiết bị Y tế Bình Định","HOSE","1","2025-12-26 06:00:01"
"DBT","CTCP Dược phẩm Bến Tre","HOSE","1","2025-12-26 06:00:01"
"DC4","CTCP DICERA Holdings","HOSE","1","2025-12-26 06:00:01"
"DCL","CTCP Dược phẩm Cửu Long","HOSE","1","2025-12-26 06:00:01"
"DCM","CTCP Phân bón Dầu khí Cà Mau","HOSE","1","2025-12-26 06:00:01"
"DGC","CTCP Tập đoàn Hóa chất Đức Giang","HOSE","1","2025-12-26 06:00:01"
"DGW","CTCP Thế Giới Số","HOSE","1","2025-12-26 06:00:01"
"DHA","CTCP Hóa An","HOSE","1","2025-12-26 06:00:01"
"DHC","CTCP Đông Hải Bến Tre","HOSE","1","2025-12-26 06:00:01"
"DHG","CTCP Dược Hậu Giang","HOSE","1","2025-12-26 06:00:01"
"DHM","CTCP Thương mại và Khai thác Khoáng sản Dương Hiếu","HOSE","1","2025-12-26 06:00:01"
"DIG","Tổng CTCP Đầu tư Phát triển Xây dựng","HOSE","1","2025-12-26 06:00:01"
"DLG","CTCP Tập đoàn Đức Long Gia Lai","HOSE","1","2025-12-26 06:00:01"
"DMC","CTCP Xuất nhập khẩu Y Tế Domesco","HOSE","1","2025-12-26 06:00:01"
"DPG","CTCP Tập đoàn Đạt Phương","HOSE","1","2025-12-26 06:00:01"
"DPM","Tổng Công ty Phân bón và Hóa chất Dầu khí - CTCP","HOSE","1","2025-12-26 06:00:01"
"DPR","CTCP Cao su Đồng Phú","HOSE","1","2025-12-26 06:00:01"
"DQC","CTCP Tập đoàn Điện Quang","HOSE","1","2025-12-26 06:00:01"
"DRC","CTCP Cao su Đà Nẵng","HOSE","1","2025-12-26 06:00:01"
"DRH","CTCP DRH Holdings","HOSE","1","2025-12-26 06:00:01"
"DRL","CTCP Thủy điện - Điện Lực 3","HOSE","1","2025-12-26 06:00:01"
"DSN","CTCP Công viên nước Đầm Sen","HOSE","1","2025-12-26 06:00:01"
"DTA","CTCP Đệ Tam","HOSE","1","2025-12-26 06:00:01"
"DTL","CTCP Đại Thiên Lộc","HOSE","1","2025-12-26 06:00:01"
"DTT","CTCP Kỹ nghệ Đô Thành","HOSE","1","2025-12-26 06:00:01"
"DVP","CTCP Đầu tư và Phát triển Cảng Đình Vũ","HOSE","1","2025-12-26 06:00:01"
"DXG","CTCP Tập đoàn Đất Xanh","HOSE","1","2025-12-26 06:00:01"
"DXS","CTCP Dịch vụ Bất động sản Đất Xanh","HOSE","1","2025-12-26 06:00:01"
"DXV","CTCP VICEM Vật liệu Xây dựng Đà Nẵng","HOSE","1","2025-12-26 06:00:01"
"ELC","CTCP Công Nghệ - Viễn Thông Elcom","HOSE","1","2025-12-26 06:00:01"
"EVE","CTCP Everpia","HOSE","1","2025-12-26 06:00:01"
"EVG","CTCP Tập đoàn EverLand","HOSE","1","2025-12-26 06:00:01"
"FCM","CTCP Bê tông Phan Vũ Hà Nam","HOSE","1","2025-12-26 06:00:01"
"FCN","CTCP FECON","HOSE","1","2025-12-26 06:00:01"
"FDC","CTCP Ngoại thương và Phát triển Đầu tư Thành phố Hồ Chí Minh","HOSE","1","2025-12-26 06:00:01"
"FIR","CTCP Địa ốc First Real","HOSE","1","2025-12-26 06:00:01"
"FIT","CTCP Tập đoàn F.I.T","HOSE","1","2025-12-26 06:00:01"
"FMC","CTCP Thực phẩm Sao Ta","HOSE","1","2025-12-26 06:00:01"
"FPT","CTCP FPT","HOSE","1","2025-12-26 06:00:01"
"FRT","CTCP Bán lẻ Kỹ thuật số FPT","HOSE","1","2025-12-26 06:00:01"
"GAS","Tổng Công ty Khí Việt Nam - CTCP","HOSE","1","2025-12-26 06:00:01"
"GDT","CTCP Chế biến Gỗ Đức Thành","HOSE","1","2025-12-26 06:00:01"
"GEE","CTCP Thiết bị điện Gelex","HOSE","1","2025-12-26 06:00:01"
"GEG","CTCP Điện Gia Lai","HOSE","1","2025-12-26 06:00:01"
"GEX","CTCP Tập đoàn GELEX","HOSE","1","2025-12-26 06:00:01"
"GIL","CTCP Sản xuất Kinh doanh và Xuất nhập khẩu Bình Thạnh","HOSE","1","2025-12-26 06:00:01"
"GMD","CTCP Gemadept","HOSE","1","2025-12-26 06:00:01"
"GMH","CTCP Minh Hưng Quảng Trị","HOSE","1","2025-12-26 06:00:01"
"GSP","CTCP Vận tải Sản Phẩm Khí Quốc tế","HOSE","1","2025-12-26 06:00:01"
"GTA","CTCP Chế biến gỗ Thuận An","HOSE","1","2025-12-26 06:00:01"
"GVR","Tập đoàn Công nghiệp Cao su Việt Nam - CTCP","HOSE","1","2025-12-26 06:00:01"
"HAG","CTCP Hoàng Anh Gia Lai","HOSE","1","2025-12-26 06:00:01"
"HAH","CTCP Vận tải và Xếp dỡ Hải An","HOSE","1","2025-12-26 06:00:01"
"HAP","CTCP Tập đoàn Hapaco","HOSE","1","2025-12-26 06:00:01"
"HAR","CTCP Đầu tư Thương mại Bất động sản An Dương Thảo Điền","HOSE","1","2025-12-26 06:00:01"
"HAS","CTCP Hacisco","HOSE","1","2025-12-26 06:00:01"
"HAX","CTCP Dịch vụ Ô tô Hàng Xanh","HOSE","1","2025-12-26 06:00:01"
"HCD","CTCP Đầu tư Sản xuất và Thương mại HCD","HOSE","1","2025-12-26 06:00:01"
"HDC","CTCP Phát triển Nhà Bà Rịa - Vũng Tàu","HOSE","1","2025-12-26 06:00:01"
"HDG","CTCP Tập đoàn Hà Đô","HOSE","1","2025-12-26 06:00:01"
"HHP","CTCP HHP Global","HOSE","1","2025-12-26 06:00:01"
"HHS","CTCP Đầu tư Dịch vụ Hoàng Huy","HOSE","1","2025-12-26 06:00:01"
"HHV","CTCP Đầu tư Hạ tầng Giao thông Đèo Cả","HOSE","1","2025-12-26 06:00:01"
"HID","CTCP Halcom Việt Nam","HOSE","1","2025-12-26 06:00:01"
"HII","CTCP An Tiến Industries","HOSE","1","2025-12-26 06:00:01"
"HMC","CTCP Kim khí Thành phố Hồ Chí Minh","HOSE","1","2025-12-26 06:00:01"
"HNA","CTCP Thủy điện Hủa Na","HOSE","1","2025-12-26 06:00:01"
"HPG","CTCP Tập đoàn Hòa Phát","HOSE","1","2025-12-26 06:00:01"
"HPX","CTCP Đầu tư Hải Phát","HOSE","1","2025-12-26 06:00:01"
"HQC","CTCP Tư vấn Thương mại Dịch vụ Địa Ốc Hoàng Quân","HOSE","1","2025-12-26 06:00:01"
"HRC","CTCP Cao su Hòa Bình","HOSE","1","2025-12-26 06:00:01"
"HSG","CTCP Tập đoàn Hoa Sen","HOSE","1","2025-12-26 06:00:01"
"HSL","CTCP Đầu tư Phát triển Thực phẩm Hồng Hà","HOSE","1","2025-12-26 06:00:01"
"HT1","CTCP Xi Măng Vicem Hà Tiên","HOSE","1","2025-12-26 06:00:01"
"HTG","Tổng CTCP Dệt may Hòa Thọ","HOSE","1","2025-12-26 06:00:01"
"HTI","CTCP Đầu tư Phát triển Hạ tầng IDICO","HOSE","1","2025-12-26 06:00:01"
"HTL","CTCP Kỹ thuật và Ôtô Trường Long","HOSE","1","2025-12-26 06:00:01"
"HTN","CTCP Hưng Thịnh Incons","HOSE","1","2025-12-26 06:00:01"
"HTV","CTCP Logistics Vicem","HOSE","1","2025-12-26 06:00:01"
"HU1","CTCP Đầu tư và Xây dựng HUD1","HOSE","1","2025-12-26 06:00:01"
"HUB","CTCP Xây lắp Thừa Thiên Huế","HOSE","1","2025-12-26 06:00:01"
"HVH","CTCP Đầu tư và Công nghệ HVC","HOSE","1","2025-12-26 06:00:01"
"HVN","Tổng Công ty Hàng không Việt Nam - CTCP","HOSE","1","2025-12-26 06:00:01"
"HVX","CTCP Xi măng VICEM Hải Vân","HOSE","1","2025-12-26 06:00:01"
"ICT","CTCP Viễn thông - Tin học Bưu điện","HOSE","1","2025-12-26 06:00:01"
"IDI","CTCP Đầu tư và Phát triển Đa Quốc Gia","HOSE","1","2025-12-26 06:00:01"
"IJC","CTCP Phát triển Hạ tầng Kỹ thuật","HOSE","1","2025-12-26 06:00:01"
"ILB","CTCP ICD Tân Cảng - Long Bình","HOSE","1","2025-12-26 06:00:01"
"IMP","CTCP Dược phẩm Imexpharm","HOSE","1","2025-12-26 06:00:01"
"ITC","CTCP Đầu tư và Kinh doanh Nhà","HOSE","1","2025-12-26 06:00:01"
"ITD","CTCP Công nghệ Tiên Phong","HOSE","1","2025-12-26 06:00:01"
"JVC","CTCP Đầu tư Y tế - Dược phẩm Việt Nam","HOSE","1","2025-12-26 06:00:01"
"KBC","Tổng Công ty Phát triển Đô thị Kinh Bắc - CTCP","HOSE","1","2025-12-26 06:00:01"
"KDC","CTCP Tập đoàn KIDO","HOSE","1","2025-12-26 06:00:01"
"KDH","CTCP Đầu tư và Kinh doanh Nhà Khang Điền","HOSE","1","2025-12-26 06:00:01"
"KHG","CTCP Tập đoàn Khải Hoàn Land","HOSE","1","2025-12-26 06:00:01"
"KHP","CTCP Điện lực Khánh Hòa","HOSE","1","2025-12-26 06:00:01"
"KMR","CTCP Mirae","HOSE","1","2025-12-26 06:00:01"
"KOS","CTCP KOSY","HOSE","1","2025-12-26 06:00:01"
"KSB","CTCP Khoáng sản và Xây dựng Bình Dương","HOSE","1","2025-12-26 06:00:01"
"L10","CTCP Lilama 10","HOSE","1","2025-12-26 06:00:01"
"LAF","CTCP Chế biến hàng Xuất khẩu Long An","HOSE","1","2025-12-26 06:00:01"
"LBM","CTCP Khoáng sản và Vật liệu Xây dựng Lâm Đồng","HOSE","1","2025-12-26 06:00:01"
"LCG","CTCP Lizen","HOSE","1","2025-12-26 06:00:01"
"LDG","CTCP Đầu tư LDG","HOSE","1","2025-12-26 06:00:01"
"LGC","CTCP Đầu tư Cầu đường CII","HOSE","1","2025-12-26 06:00:01"
"LGL","CTCP Đầu tư và Phát triển Đô thị Long Giang","HOSE","1","2025-12-26 06:00:01"
"LHG","CTCP Long Hậu","HOSE","1","2025-12-26 06:00:01"
"LIX","CTCP Bột Giặt Lix","HOSE","1","2025-12-26 06:00:01"
"LM8","CTCP Lilama 18","HOSE","1","2025-12-26 06:00:01"
"LSS","CTCP Mía Đường Lam Sơn","HOSE","1","2025-12-26 06:00:01"
"MCH","CTCP Hàng tiêu dùng Masan","HOSE","1","2025-12-26 06:00:01"
"MCM","CTCP Giống Bò sữa Mộc Châu","HOSE","1","2025-12-26 06:00:01"
"MCP","CTCP In và Bao bì Mỹ Châu","HOSE","1","2025-12-26 06:00:01"
"MDG","CTCP Miền Đông","HOSE","1","2025-12-26 06:00:01"
"MHC","CTCP MHC","HOSE","1","2025-12-26 06:00:01"
"MSH","CTCP May Sông Hồng","HOSE","1","2025-12-26 06:00:01"
"MSN","CTCP Tập đoàn Masan","HOSE","1","2025-12-26 06:00:01"
"MWG","CTCP Đầu tư Thế giới Di động","HOSE","1","2025-12-26 06:00:01"
"NAF","CTCP Nafoods Group","HOSE","1","2025-12-26 06:00:01"
"NAV","CTCP Nam Việt","HOSE","1","2025-12-26 06:00:01"
"NBB","CTCP Đầu tư Năm Bảy Bảy","HOSE","1","2025-12-26 06:00:01"
"NCT","CTCP Dịch vụ Hàng hóa Nội Bài","HOSE","1","2025-12-26 06:00:01"
"NHA","Tổng Công ty Đầu tư Phát triển Nhà và Đô thị Nam Hà Nội","HOSE","1","2025-12-26 06:00:01"
"NHH","CTCP Nhựa Hà Nội","HOSE","1","2025-12-26 06:00:01"
"NHT","CTCP Sản xuất và Thương mại Nam Hoa","HOSE","1","2025-12-26 06:00:01"
"NKG","CTCP Thép Nam Kim","HOSE","1","2025-12-26 06:00:01"
"NLG","CTCP Đầu tư Nam Long","HOSE","1","2025-12-26 06:00:01"
"NNC","CTCP Đá Núi Nhỏ","HOSE","1","2025-12-26 06:00:01"
"NO1","CTCP Tập đoàn 911","HOSE","1","2025-12-26 06:00:01"
"NSC","CTCP Tập đoàn Giống cây trồng Việt Nam","HOSE","1","2025-12-26 06:00:01"
"NT2","CTCP Điện lực Dầu khí Nhơn Trạch 2","HOSE","1","2025-12-26 06:00:01"
"NTC","CTCP Khu Công nghiệp Nam Tân Uyên","HOSE","1","2025-12-26 06:00:01"
"NTL","CTCP Phát triển Đô thị Từ Liêm","HOSE","1","2025-12-26 06:00:01"
"NVL","CTCP Tập đoàn Đầu tư Địa ốc No Va","HOSE","1","2025-12-26 06:00:01"
"NVT","CTCP Bất động sản Du lịch Ninh Vân Bay","HOSE","1","2025-12-26 06:00:01"
"OGC","CTCP Tập đoàn Đại Dương","HOSE","1","2025-12-26 06:00:01"
"OPC","CTCP Dược phẩm OPC","HOSE","1","2025-12-26 06:00:01"
"PAC","CTCP Pin Ắc quy Miền Nam","HOSE","1","2025-12-26 06:00:01"
"PAN","CTCP Tập đoàn Pan","HOSE","1","2025-12-26 06:00:01"
"PC1","CTCP Tập Đoàn PC1","HOSE","1","2025-12-26 06:00:01"
"PDN","CTCP Cảng Đồng Nai","HOSE","1","2025-12-26 06:00:01"
"PDR","CTCP Phát triển Bất động sản Phát Đạt","HOSE","1","2025-12-26 06:00:01"
"PDV","CTCP Vận Tải Và Tiếp Vận Phương Đông Việt","HOSE","1","2025-12-26 06:00:01"
"PET","Tổng CTCP Dịch vụ Tổng hợp Dầu khí","HOSE","1","2025-12-26 06:00:01"
"PGC","Tổng Công ty Gas Petrolimex - CTCP","HOSE","1","2025-12-26 06:00:01"
"PGD","CTCP Phân phối khí thấp áp Dầu khí Việt Nam","HOSE","1","2025-12-26 06:00:01"
"PGV","Tổng Công ty Phát điện 3 - CTCP","HOSE","1","2025-12-26 06:00:01"
"PHC","CTCP Xây dựng Phục Hưng Holdings","HOSE","1","2025-12-26 06:00:01"
"PHR","CTCP Cao su Phước Hòa","HOSE","1","2025-12-26 06:00:01"
"PIT","CTCP Xuất nhập khẩu Petrolimex","HOSE","1","2025-12-26 06:00:01"
"PJT","CTCP Vận tải Xăng dầu đường Thủy Petrolimex","HOSE","1","2025-12-26 06:00:01"
"PLP","CTCP Sản xuất và Công nghệ Nhựa Pha Lê","HOSE","1","2025-12-26 06:00:01"
"PLX","Tập đoàn Xăng Dầu Việt Nam","HOSE","1","2025-12-26 06:00:01"
"PMG","CTCP Đầu tư và Sản xuất Petro Miền Trung","HOSE","1","2025-12-26 06:00:01"
"PNC","CTCP Văn hóa Phương Nam","HOSE","1","2025-12-26 06:00:01"
"PNJ","CTCP Vàng bạc Đá quý Phú Nhuận","HOSE","1","2025-12-26 06:00:01"
"POW","Tổng Công ty Điện lực Dầu khí Việt Nam - CTCP","HOSE","1","2025-12-26 06:00:01"
"PPC","CTCP Nhiệt điện Phả Lại","HOSE","1","2025-12-26 06:00:01"
"PTB","CTCP Phú Tài","HOSE","1","2025-12-26 06:00:01"
"PTC","CTCP Đầu Tư Icapital","HOSE","1","2025-12-26 06:00:01"
"PTL","CTCP Victory Group","HOSE","1","2025-12-26 06:00:01"
"PVD","Tổng CTCP Khoan và Dịch vụ khoan Dầu khí","HOSE","1","2025-12-26 06:00:01"
"PVP","CTCP Vận tải Dầu khí Thái Bình Dương","HOSE","1","2025-12-26 06:00:01"
"PVT","Tổng CTCP Vận tải Dầu khí","HOSE","1","2025-12-26 06:00:01"
"QCG","CTCP Quốc Cường Gia Lai","HOSE","1","2025-12-26 06:00:01"
"QNP","CTCP Cảng Quy Nhơn","HOSE","1","2025-12-26 06:00:01"
"RAL","CTCP Bóng đèn Phích nước Rạng Đông","HOSE","1","2025-12-26 06:00:01"
"REE","CTCP Cơ Điện Lạnh","HOSE","1","2025-12-26 06:00:01"
"RYG","CTCP Sản xuất và Đầu tư Hoàng Gia","HOSE","1","2025-12-26 06:00:01"
"S4A","CTCP Thủy điện Sê San 4A","HOSE","1","2025-12-26 06:00:01"
"SAB","Tổng CTCP Bia - Rượu - Nước giải khát Sài Gòn","HOSE","1","2025-12-26 06:00:01"
"SAM","CTCP SAM HOLDINGS","HOSE","1","2025-12-26 06:00:01"
"SAV","CTCP Hợp tác Kinh tế và Xuất nhập khẩu Savimex","HOSE","1","2025-12-26 06:00:01"
"SBA","CTCP Sông Ba","HOSE","1","2025-12-26 06:00:01"
"SBG","CTCP Tập đoàn Cơ khí Công nghệ cao Siba","HOSE","1","2025-12-26 06:00:01"
"SBT","CTCP Thành Thành Công - Biên Hòa","HOSE","1","2025-12-26 06:00:01"
"SBV","CTCP Siam Brothers Việt Nam","HOSE","1","2025-12-26 06:00:01"
"SC5","CTCP Xây dựng Số 5","HOSE","1","2025-12-26 06:00:01"
"SCR","CTCP Địa ốc Sài Gòn Thương Tín","HOSE","1","2025-12-26 06:00:01"
"SCS","CTCP Dịch vụ Hàng hóa Sài Gòn","HOSE","1","2025-12-26 06:00:01"
"SFC","CTCP Nhiên liệu Sài Gòn","HOSE","1","2025-12-26 06:00:01"
"SFG","CTCP Phân Bón Miền Nam","HOSE","1","2025-12-26 06:00:01"
"SFI","CTCP Đại lý Vận tải SAFI","HOSE","1","2025-12-26 06:00:01"
"SGN","CTCP Phục vụ Mặt đất Sài Gòn","HOSE","1","2025-12-26 06:00:01"
"SGR","Tổng CTCP Địa ốc Sài Gòn","HOSE","1","2025-12-26 06:00:01"
"SGT","CTCP Công nghệ Viễn Thông Sài Gòn","HOSE","1","2025-12-26 06:00:01"
"SHA","CTCP Sơn Hà Sài Gòn","HOSE","1","2025-12-26 06:00:01"
"SHI","CTCP Quốc tế Sơn Hà","HOSE","1","2025-12-26 06:00:01"
"SHP","CTCP Thủy điện Miền Nam","HOSE","1","2025-12-26 06:00:01"
"SIP","CTCP Đầu tư Sài Gòn VRG","HOSE","1","2025-12-26 06:00:01"
"SJD","CTCP Thủy điện Cần Đơn","HOSE","1","2025-12-26 06:00:01"
"SJS","CTCP Đầu tư Phát triển Đô thị và Khu công nghiệp Sông Đà","HOSE","1","2025-12-26 06:00:01"
"SKG","CTCP Tàu cao tốc Superdong - Kiên Giang","HOSE","1","2025-12-26 06:00:01"
"SMA","CTCP Thiết bị Phụ tùng Sài Gòn","HOSE","1","2025-12-26 06:00:01"
"SMB","CTCP Bia Sài Gòn - Miền Trung","HOSE","1","2025-12-26 06:00:01"
"SMC","CTCP Đầu tư Thương mại SMC","HOSE","1","2025-12-26 06:00:01"
"SPM","CTCP SPM","HOSE","1","2025-12-26 06:00:01"
"SRC","CTCP Cao su Sao Vàng","HOSE","1","2025-12-26 06:00:01"
"SRF","CTCP Searefico","HOSE","1","2025-12-26 06:00:01"
"SSC","CTCP Giống cây trồng Miền Nam","HOSE","1","2025-12-26 06:00:01"
"ST8","CTCP Đầu tư Phát triển ST8","HOSE","1","2025-12-26 06:00:01"
"STG","CTCP Kho vận Miền Nam","HOSE","1","2025-12-26 06:00:01"
"STK","CTCP Sợi Thế Kỷ","HOSE","1","2025-12-26 06:00:01"
"SVC","CTCP Dịch vụ Tổng hợp Sài Gòn","HOSE","1","2025-12-26 06:00:01"
"SVD","CTCP Đầu tư & Thương mại Vũ Đăng","HOSE","1","2025-12-26 06:00:01"
"SVI","CTCP Bao bì Biên Hòa","HOSE","1","2025-12-26 06:00:01"
"SVT","CTCP Công nghệ Sài Gòn Viễn Đông","HOSE","1","2025-12-26 06:00:01"
"SZC","CTCP Sonadezi Châu Đức","HOSE","1","2025-12-26 06:00:01"
"SZL","CTCP Sonadezi Long Thành","HOSE","1","2025-12-26 06:00:01"
"TAL","CTCP Đầu tư Bất động sản Taseco","HOSE","1","2025-12-26 06:00:01"
"TBC","CTCP Thủy điện Thác Bà","HOSE","1","2025-12-26 06:00:01"
"TCD","CTCP Tập đoàn Xây dựng Tracodi","HOSE","1","2025-12-26 06:00:01"
"TCH","CTCP Đầu tư Dịch vụ Tài chính Hoàng Huy","HOSE","1","2025-12-26 06:00:01"
"TCL","CTCP Đại lý Giao nhận Vận tải Xếp dỡ Tân Cảng","HOSE","1","2025-12-26 06:00:01"
"TCM","CTCP Dệt may - Đầu tư - Thương mại Thành Công","HOSE","1","2025-12-26 06:00:01"
"TCO","CTCP TCO Holdings","HOSE","1","2025-12-26 06:00:01"
"TCR","CTCP Công nghiệp Gốm sứ Taicera","HOSE","1","2025-12-26 06:00:01"
"TCT","CTCP Cáp treo Núi Bà Tây Ninh","HOSE","1","2025-12-26 06:00:01"
"TDC","CTCP Kinh doanh và Phát triển Bình Dương","HOSE","1","2025-12-26 06:00:01"
"TDG","CTCP Đầu tư TDG GLOBAL","HOSE","1","2025-12-26 06:00:01"
"TDH","CTCP Phát triển Nhà Thủ Đức","HOSE","1","2025-12-26 06:00:01"
"TDM","CTCP Nước Thủ Dầu Một","HOSE","1","2025-12-26 06:00:01"
"TDP","CTCP Thuận Đức","HOSE","1","2025-12-26 06:00:01"
"TDW","CTCP Cấp nước Thủ Đức","HOSE","1","2025-12-26 06:00:01"
"TEG","CTCP Năng lượng và Bất động sản Trường Thành","HOSE","1","2025-12-26 06:00:01"
"THG","CTCP Đầu tư và Xây dựng Tiền Giang","HOSE","1","2025-12-26 06:00:01"
"TIP","CTCP Phát triển Khu Công nghiệp Tín Nghĩa","HOSE","1","2025-12-26 06:00:01"
"TIX","CTCP Sản xuất Kinh doanh Xuất nhập khẩu Dịch vụ và Đầu tư Tân Bình","HOSE","1","2025-12-26 06:00:01"
"TLD","CTCP Đầu tư Xây dựng và Phát triển Đô thị Thăng Long","HOSE","1","2025-12-26 06:00:01"
"TLG","CTCP Tập đoàn Thiên Long","HOSE","1","2025-12-26 06:00:01"
"TLH","CTCP Tập đoàn Thép Tiến Lên","HOSE","1","2025-12-26 06:00:01"
"TMP","CTCP Thủy điện Thác Mơ","HOSE","1","2025-12-26 06:00:01"
"TMS","CTCP Transimex","HOSE","1","2025-12-26 06:00:01"
"TMT","CTCP Ô tô TMT","HOSE","1","2025-12-26 06:00:01"
"TN1","CTCP ROX Key Holdings","HOSE","1","2025-12-26 06:00:01"
"TNC","CTCP Cao su Thống Nhất","HOSE","1","2025-12-26 06:00:01"
"TNH","CTCP Bệnh viện Quốc tế Thái Nguyên","HOSE","1","2025-12-26 06:00:01"
"TNI","CTCP Tập đoàn Thành Nam","HOSE","1","2025-12-26 06:00:01"
"TNT","CTCP Tập đoàn TNT","HOSE","1","2025-12-26 06:00:01"
"TPC","CTCP Nhựa Tân Đại Hưng","HOSE","1","2025-12-26 06:00:01"
"TRA","CTCP Traphaco","HOSE","1","2025-12-26 06:00:01"
"TRC","CTCP Cao su Tây Ninh","HOSE","1","2025-12-26 06:00:01"
"TSA","CTCP Đầu tư và Xây lắp Trường Sơn","HOSE","1","2025-12-26 06:00:01"
"TSC","CTCP Vật tư Kỹ thuật nông nghiệp Cần Thơ","HOSE","1","2025-12-26 06:00:01"
"TTA","CTCP Đầu tư Xây dựng và Phát triển Trường Thành","HOSE","1","2025-12-26 10:03:51"
"TTE","CTCP Đầu tư Năng lượng Trường Thịnh","HOSE","1","2025-12-26 06:00:01"
"TTF","CTCP Tập đoàn Kỹ nghệ gỗ Trường Thành","HOSE","1","2025-12-26 06:00:01"
"TV2","CTCP Tư vấn Xây dựng Điện 2","HOSE","1","2025-12-26 06:00:01"
"TVT","Tổng Công ty Việt Thắng - CTCP","HOSE","1","2025-12-26 06:00:01"
"TYA","CTCP Dây và Cáp Điện Taya Việt Nam","HOSE","1","2025-12-26 06:00:01"
"UIC","CTCP Đầu tư Phát triển Nhà và Đô thị IDICO","HOSE","1","2025-12-26 06:00:01"
"VAF","CTCP Phân lân Nung chảy Văn Điển","HOSE","1","2025-12-26 06:00:01"
"VCA","CTCP Thép VICASA - VNSTEEL","HOSE","1","2025-12-26 06:00:01"
"VCF","CTCP Vinacafé Biên Hòa","HOSE","1","2025-12-26 06:00:01"
"VCG","Tổng CTCP Xuất nhập khẩu và Xây dựng Việt Nam","HOSE","1","2025-12-26 06:00:01"
"VDP","CTCP Dược phẩm Trung ương VIDIPHA","HOSE","1","2025-12-26 06:00:01"
"VFG","CTCP Khử trùng Việt Nam","HOSE","1","2025-12-26 06:00:01"
"VGC","Tổng Công ty Viglacera - CTCP","HOSE","1","2025-12-26 06:00:01"
"VHC","CTCP Vĩnh Hoàn","HOSE","1","2025-12-26 06:00:01"
"VHM","CTCP Vinhomes","HOSE","1","2025-12-26 06:00:01"
"VIC","Tập đoàn VINGROUP - CTCP","HOSE","1","2025-12-26 06:00:01"
"VID","CTCP Đầu tư Phát triển Thương mại Viễn Đông","HOSE","1","2025-12-26 06:00:01"
"VIP","CTCP Vận tải Xăng dầu Vipco","HOSE","1","2025-12-26 06:00:01"
"VJC","CTCP Hàng không Vietjet","HOSE","1","2025-12-26 06:00:01"
"VMD","CTCP Y Dược phẩm Vimedimex","HOSE","1","2025-12-26 06:00:01"
"VNE","Tổng CTCP Xây dựng Điện Việt Nam","HOSE","1","2025-12-26 06:00:01"
"VNG","CTCP Du lịch Thành Thành Công","HOSE","1","2025-12-26 06:00:01"
"VNL","CTCP Logistics Vinalink","HOSE","1","2025-12-26 06:00:01"
"VNM","CTCP Sữa Việt Nam","HOSE","1","2025-12-26 06:00:01"
"VNS","CTCP Ánh Dương Việt Nam","HOSE","1","2025-12-26 06:00:01"
"VOS","CTCP Vận tải Biển Việt Nam","HOSE","1","2025-12-26 06:00:01"
"VPD","CTCP Phát triển Điện lực Việt Nam","HOSE","1","2025-12-26 06:00:01"
"VPG","CTCP Đầu tư Thương mại Xuất nhập khẩu Việt Phát","HOSE","1","2025-12-26 06:00:01"
"VPH","CTCP Vạn Phát Hưng","HOSE","1","2025-12-26 06:00:01"
"VPI","CTCP Phát triển Bất động sản Văn Phú","HOSE","1","2025-12-26 06:00:01"
"VPL","CTCP Vinpearl","HOSE","1","2025-12-26 06:00:01"
"VPS","CTCP Thuốc sát trùng Việt Nam (VIPESCO)","HOSE","1","2025-12-26 06:00:01"
"VRC","CTCP Bất động sản và Đầu tư VRC","HOSE","1","2025-12-26 06:00:01"
"VRE","CTCP Vincom Retail","HOSE","1","2025-12-26 06:00:01"
"VSC","CTCP Container Việt Nam","HOSE","1","2025-12-26 06:00:01"
"VSH","CTCP Thủy điện Vĩnh Sơn - Sông Hinh","HOSE","1","2025-12-26 06:00:01"
"VSI","CTCP Đầu tư và Xây dựng Cấp thoát nước","HOSE","1","2025-12-26 06:00:01"
"VTB","CTCP Viettronics Tân Bình","HOSE","1","2025-12-26 06:00:01"
"VTO","CTCP Vận tải Xăng dầu Vitaco","HOSE","1","2025-12-26 06:00:01"
"VTP","Tổng CTCP Bưu chính Viettel","HOSE","1","2025-12-26 06:00:01"
"VVS","CTCP Đầu tư Phát triển máy Việt Nam","HOSE","1","2025-12-26 06:00:01"
"YBM","CTCP Khoáng sản Công nghiệp Yên Bái","HOSE","1","2025-12-26 06:00:01"
"YEG","CTCP Tập đoàn Yeah1","HOSE","1","2025-12-26 06:00:01"
